BRITISH HONDURAS,,,,
,Districts,,,
,Belize,,,
,,Belize,,
,,Cangrejo Cay,,
,,Corker Cay,,
,,Crawl Cay ,,
,,Half Moon Cay,,
,,Long Cay,,
,,Mauger Cay,,
,,Mex. Cay,,
,,Middle Long Cay,,
,,Mussel Cay,,
,,Northern Cay,,
,,Northern Lagoon,,
,,Pelican Cays,,
,,Saddle Cay,,
,,Southern Four Lagoon,,
,,Southern Lag.,,
,,Peter's Bluff,,
,,Revenge Lag.,,
,,Three Corner Cay,,
,,Turneffe Islands,,
,,Water Cay,,
,Cayo,,,
,,Cayo,,
,,Lalbac Creek,,
,,Orange Walk,,
,,Saddle Cay,,
,,Three Corner Cay,,
,,Vaca Falls,,
,Corozal,,,
,,Ambergris Cay,,
,,Boca Bacalar Chica,,
,,Cangrejo Cay,,
,,Consejo,,
,,Deer Cay,,
,,Fabers Lake,,
,,Little Belize,,
,,Reef Point,,
,,Rocky Point,,
,,Savanna Lagoon,,
,,San Pedro,,
,,Ship Stern,,
,,Swab Cay,,
,Orange Walk,,,
,Stann Creek,,,
,,All Pines,,
,,Bokel Cay,,
,,CocksComb Mountains,,
,,Colombus Cay,,
,,Glover Reef,,
,,Placentia Lagoon,,
,,San Estevan,,
,,Southern Long Cay,,
,,Tobacco Range,,
,,Victoria Peak,,
,Toledo ,,,
,,Bladen Branch,,
,,Cockscomb Mountains,,
,,Mangrove Cay,,
,,Monkey R.,,
,,Pompion Cay,,
,,Punta Gorda,,
,,Punta Ycacos,,
COSTA RICA,,Ranguana Cay,,
,,R. Moho,,
,,R. Temash (Temax?),,
,,Rocky Point,,
,,Seal Cays,,
,,Swansy Branch,,
,Ala Juela,,,
,,Alajuela,,
,,Atenas,,
,,Boca San Carlos,,
,,Buena Vista,,
,,Larita,,
,,Llanuras de los Guatusos,,
,,Miravalles,,
,,Meuelle,,
,,San Mateo,,
,,Vol. Barbas,,
,,Vol. de Orosi,,
,,Vol. Poas ,,
,,Vol. Rincon de la Vieja,,
,,Zarcero,,
,Cartago,,,
,,Cartago,,
,,Paraiso,,
,Guanacaste,,,
,,Almo,,
,,Bagaces,,
,,B. de Piedra Blanca,,
,,B. de Salinas,,
,,B. de Santa Elena,,
,,B. Potrero,,
,,Cabo de las Vuelias,,
,,Cabo de Santa Elena,,
,,Cabo La Hache,,
,,Cabo Pelado,,
,,Cabo Velas,,
,,Coradillo,,
,,Golfo de Culebra,,
,,Isla Capitanos,,
,,Isla Chira,,
,,Las Cañas,,
,,Liberia,,
,,Naranje,,
,,Nicoya,,
,,Penn. De Nicoya,,
,,Punta Culebra,,
,,Punta Filibustero,,
,,Punta Gorda,,
,,Punta Guionos,,
,,Punta San Francisco,,
,,Santa Catalina Islas,,
,,Santa Cruz,,
,,Santa Rosa,,
,Heredia,,,
,,Barba,,
,,Heredia,,
,Limón,,,
,,B. de Moin,,
,,Barra Coloradad,,
,,Colima,,
,,Grape Cay,,
,,Jiminez,,
,,La Junta,,
,,L. Banana,,
,,Limón,,
,,Llanuras de Santa Clara,,
,,Llanuras del Tortuguero,,
,,Matina,,
,,Parismina,,
,,Puerto Viejo,,
,,Punta Blanca,,
,,Punta Coaita,,
,,Punta Mona,,
,,R. Chiripo,,
,,R. Matina,,
,,R. Pacuare,,
,,R. Parismina,,
,,R. Sierpe,,
,,R. Tairie,,
,,R. Tortuguero,,
,,R. Uren,,
,,San Juan River,,
,,Subeita,,
,,Suibia,,
,Puntarenas,,,
,,B. Chica,,
,,B. de Rincon,,
,,Bajaro,,
,,Brava,,
,,Buenos Aires,,
,,Cabo Blanco,,
,,Culebra,,
,,El General,,
,,Golfo de Nicoya,,
,,Golfo Dulce,,
,,Hacienda Leon,,
,,Isla Cabo Blanco,,
,,Isla Caño,,
,,Isla Cedro,,
,,Isla Chira,,
,,Islas Brava,,
,,Islas Quepos,,
,,Islas Sacate,,
,,La Junta,,
,,Mantas,,
,,Parrita,,
,,Penin. De Osa,,
,,P. Arenas,,
,,P. Dominical,,
,,P. Judas,,
,,P. Guapinol,,
,,P. Llerena,,
,,P. Quepos,,
,,P. Salsipuedes,,
,,P. San Pedro,,
,,P. Uvita,,
,,Rio Grande de Terraba,,
,,R. Pirris,,
,,R.Sierpe,,
,,Tarcoles,,
,,Terraba,,
,San José,,,
,,El Copey,,
,,El Purisal,,
,,El Rodeo,,
,,Guapiles,,
,,San José,,
,,San Marcos,,
,,San Pablo,,
EL SALVADOR,,,,
,"14 departments (departamentos, singular - departamento); ",,,
,Ahuachapan ,,,
,,Ahuachapán,,
,,Chalchuapa,,
,,Río de la Paz,,
,,Vol. Apaneca,,
,Cabañas,,,
,,Dolores,,
,,Ilobasco,,
,,R. Lempa,,
,,R. Titihuapa,,
,,San Sebastián,,
,,Sensuntepeque,,
,Chalatenango,,,
,,Chalatenango,,
,,Ojo de Agua,,
,,R. Lempa,,
,,Tejutla,,
,Cuscatlán,,,
,,Cojutepeque,,
,,Lago Hopago,,
,,Vol. Guazapa,,
,La Libertad ,,,
,,Barra de Sunia,,
,,Ceiba,,
,,Opico,,
,,Puerto Libertad,,
,,Saragosa,,
,,Tecla,,
,La Paz ,,,
,,Barra de Escalante ,,
,,Puerto de la Concordia ,,
,,Zacatecoluca,,
,La Union,,,
,,B. La Union,,
,,Carmen,,
,,Golfo de Fonseca,,
,,Isla Manguera,,
,,La Unión,,
,,Manguara,,
,,P. Amapalo,,
,,P. Monypenny,,
,,R. Goascoran,,
,Morazan,,,
,,El Rosario,,
,,La Gotera,,
,,R. Torola,,
,,Sicala,,
,San Miguel,,,
,,Clunameca,,
,,Col. De Jacuran,,
,,R. Grande,,
,,R. Sonori,,
,,R. Torola,,
,,San Miguel,,
,,Vol. Conchagua,,
,San Salvador ,,,
,,San Salvador,,
,Santa Ana ,,,
,,Chalchuapa,,
,,Lago Coatepeque,,
,,Lago Guija,,
,,Lago San Diego,,
,,Santa Ana,,
,,Texistepeque,,
,San Vicente ,,,
,,R. Lempa,,
,,San Sebastián,,
,,San Vicente,,
,,Vol. San Vicente,,
,Sonsonate ,,,
,,Acajutla,,
,,Alegría,,
,,Jiquilisco,,
,,Pen. San Juan del Gozo,,
,,R. Grande,,
,,P. Remedios,,
,,Sonsonate,,
,,Vol. Izalco,,
,Usulutan,,,
,,Alegría,,
,,I. San Sebastian,,
,,Jiquilisco,,
,,Mercedes,,
,,P. San Juan,,
,,R. San Miguel,,
,,Usultan,,
,,Vol. Usultan,,
GUATEMALA,,,,
,Departments,,,
,Alta Verapaz ,,,
,,Boleneb,,
,,Caudelaria,,
,,Chama,,
,,Chirijob,,
,,Cobán,,
,,Crique,,
,,Dolores,,
,,Lanquino,,
,,La Tiuta,,
,,Minas,,
,,Motacui ,,
,,Quebra De La Hamaca (Chacaj) ,,
,,Panzós,,
,,Queva de Lanquin,,
,,R. Cabebon,,
,,R. Cahabón ,,
,,R. Chaymarie,,
,,R. Chixoy,,
,,R. Cobán,,
,,R. Icvolai,,
,,R. Ninlatin,,
,,R. Polochic,,
,,R. Simon,,
,,Sacatal,,
,,Salinas ,,
,,San Cristóbal,,
,,San Juan ,,
,,Santa Cruz,,
,,Santa Juna ,,
,,Secancip,,
,,Secuamo,,
,,Sierra de Chama,,
,,Sierradelas,,
,,Tactic,,
,,Telemán,,
,,Tintai,,
,,Trece Aguas,,
,,Tucura,,
,Amatitlán,,,
,,Belén,,
,,L. Amatitlán,,
,,Pacayá,,
,,Palín,,
,,Petapa,,
,,Vol. Agua,,
,Baja Verapaz,,,
,,Agua Caliente,,
,,Chilascó,,
,,Cubulco ,,
,,Montaña de Choacus,,
,,Purulá,,
,,Rabinal,,
,,Rodeo,,
,,Salamá,,
,,S. Miguel,,
,,S. Ana,,
,Chimaltenango,,,
,,Cabo Tecpan,,
,,Chimaltenango,,
,,Ciudad Vieja,,
,,R. Grande,,
,,Vol. Atitlan,,
,Chiquimula,,,
,,Chiquimula,,
,,El Pajan,,
,,Esquipulas,,
,,Guastatoya,,
,,Jilotepeque,,
,,Quexaltepeque,,
,,R. Copan,,
,,Vado Hondo,,
,El Petén,,,
,,Batacab,,
,,Beneque Viejo,,
,,Callejones,,
,,Chumpuete Yaxha,,
,,Chuntuqui,,
,,Constancia,,
,,Dolores,,
,,El Cayo,,
,,El Cedra,,
,,El Chal,,
,,El Progreso,,
,,Flores,,
,,Garbutts Falls,,
,,Lago de Izam,,
,,Lago de la Nigua,,
,,Lago de Yeso,,
,,Lago Sibal,,
,,Lago San Andres Petén,,
,,La Libertad,,
,,La Unión,,
,,Machaguila,,
,,Ovaribalpe,,
,,Pasosubin,,
,,Pedro Martir,,
,,Playa Tikal,,
,,Poctum,,
,,Pueblo Nuevo,,
,,Pujil,,
,,R. Azul,,
,,R. Canogen,,
,,R. Cuché,,
,,R. de la Nigua,,
,,R. de la Paxion,,
,,R. Machaguila,,
,,R. Mopan,,
,,R. Porfia,,
,,R. Sacchieh,,
,,R. San Juan,,
,,R. San Martin,,
,,R. Santa Isabel,,
,,R. Santa Monica,,
,,R. Sepusilla,,
,,R. Xam,,
,,Sacchieh,,
,,San Diego,,
,,San Juan,,
,,San Luis,,
,,Santa Cruz,,
,,Setoc,,
,,Tikal,,
,,Tuila,,
,,Txuncal,,
,Escuintla,,,
,,Concepción,,
,,El Pilar,,
,,Escuintla,,
,,La Gomera,,
,,Mirandilla,,
,,Naranjo,,
,,Pantaleón,,
,,Playa Grande,,
,,R. Bravo,,
,,R. Coyolate,,
,,R. Guacalate,,
,,R. Madrevieja,,
,,R. Sotella,,
,,S. Istapa,,
,,San José,,
,,Santa Ana Mixtán,,
,,Santa Lucía,,
,,Santa María,,
,Guatemala,,,
,,Canalitos,,
,,Chinautla,,
,,Guadalupe,,
,,Guatemala,,
,,Mixco,,
,,R. Grande (or Motague),,
,,San Antonio,,
,,Sanarete,,
,,San Lucas,,
,Huehuetenango,,,
,,Barillas,,
,,Chintlao,,
,,Coatan,,
,,Culico,,
,,Gracias a Dios,,
,,Huehuetenango,,
,,Ixtalan,,
,,Malacatan,,
,,Ms. De Culico,,
,,Nentón,,
,,R. Cuilco,,
,,R. Huista,,
,,R. Ixcau,,
,,R. Salegua,,
,,R. San Catarina,,
,,San Juan,,
,,San Mateo,,
,,San Ramon,,
,,San Sebastián,,
,,Sierra Cuchumatanes,,
,,Teatitan,,
,Izabal ,,,
,,Amates,,
,,El Sauce,,
,,Gracias a Dios,,
,,Gulfo Dulce,,
,,Gulf of Amatique,,
,,Hanlover,,
,,Izabal,,
,,Lago Izabal,,
,,Lívingston ,,
,,Machaguila,,
,,P. Barrios,,
,,Quirigua,,
,,Rapidos,,
,,San Felipe,,
,,San Tomas,,
,,Sarstún,,
,,Sauces,,
,,Side Merendon,,
,,Sierra Del Mico,,
,,Sierra de Santa Cruz,,
,,Tenedores,,
,,Vixilla,,
,Jalapa,,,
,,Alzatate,,
,,Avarza,,
,,Guastatoya,,
,,Jalapa,,
,,Quebrados,,
,,R. Jalapa,,
,,Vol. de las Viber,,
,Jutiapa ,,,
,,Alotepeque ,,
,,Axulco,,
,,Cuje,,
,,Jalapatagua,,
,,Jutiapa,,
,,Labor,,
,,Lago Retema,,
,,La Grande,,
,,Moyuto,,
,,Pasaco,,
,,R. Margaritas ,,
,,R. Paz,,
,,R. Tamasulapa,,
,,San Catarin,,
,Quezaltenango,,,
,,Coatepeque,,
,,Las Mercedes ,,
,,Matasano,,
,,Ostuncalco,,
,,Quezaltenango,,
,,R. Zilapa,,
,,V. Sta Maria,,
,El Quiché,,,
,,Chajul,,
,,Coztal,,
,,Cunén,,
,,Ilom,,
,,R. Chixoy ,,
,,R. Negro,,
,,R. Xalval,,
,,San Pedro,,
,,Santa Cruz del Quiche,,
,,Santa María,,
,,San Tomás,,
,,Uspantán,,
,Retalhuleu,,,
,,Acapán,,
,,Caballo Blanco,,
,,Champerico,,
,,Grananados,,
,,Huamuchal,,
,,Paraíso,,
,,Pto. Champerico,,
,,Retalhuleu,,
,,R. Sanala,,
,,R. Sis,,
,,S. Felipe,,
,Sacapulas,,,
,Sacatepeguez,,,
,,Antigua,,
,,Vol. Luego,,
,San Marcos,,,
,,Ajutla,,
,,El Tumbador,,
,,La Unión,,
,,Pajapita,,
,,R. Cabus,,
,,R. Coatan,,
,,R. Narania,,
,,R. Suchiate,,
,,Rodeo,,
,,San Marcos,,
,,San Miguel,,
,,San Pablo,,
,,San Pedro,,
,,Tacana,,
,,Tajumulco,,
,,Tejutla,,
,Santa Rosa,,,
,,Barberena,,
,,Can. De Chiquimulilla,,
,,Chiquimulilla,,
,,Cuajiniquilapa,,
,,Iztapa,,
,,Paso Antonio,,
,,R. Margarita,,
,,R. Michatoya,,
,,San Iztapa,,
,Sololá,,,
,,Carmen,,
,,El Socorro,,
,,Gotales,,
,,Lago Atitlan,,
,,Los Encuentros,,
,,Mazatenango,,
,,San Antonio,,
,,San Lucas,,
,,San Pedro,,
,,Santa Clara,,
,,Soloa,,
,,Vol. Atitlan,,
,Suchitepéquez,,,
,,Cuyotenango,,
,,Las Nubes,,
,,Mazatenango,,
,,R. Nahualate,,
,,San Isidro,,
,,Santo Domingo,,
,,V. Zunil,,
,Totonicapán,,,
,,Co. Quiche,,
,,Desconsuelo,,
,,Momostenago,,
,,Santa Lucia,,
,,Totonicapam,,
,Zacapa,,,
,,Achiote,,
,,Barbasco,,
,,Estanzuela,,
,,Gualán,,
,,La Reforma,,
,,Motagua,,
,,San Agustin,,
,,San Magdalena,,
,,San Pablo,,
,,Sierra de las Minas,,
,,Tambor,,
,,Zacapula,,
HONDURAS,,,,
,18 Departments (Departamento/s),,,
,Ahuachapan ,,,
,,Ahuachapán,,
,,R. de la Paz,,
,,Vol. Apaneca,,
,Atlántida,,,
,,Boca Cerrada ,,
,,Cabo Bonito,,
,,Canjelica ,,
,,I. Utila,,
,,Is. Cochino,,
,,L. Quemada,,
,,Malacatón,,
,,M. del Milacaton,,
,,Nueva Armenia,,
,,Porvenir,,
,,P. Cangrejal,,
,,Pto Ceiba,,
,,Pto. Escondido,,
,,R. Guaimo,,
,,R. Ulúa,,
,,Salado Abajo,,
,,San Francisco,,
,,San Juan,,
,,San Luis,,
,,Tela,,
,,Utila,,
,Choluteca,,,
,,Choluteca,,
,,Corpus,,
,,Marcoria,,
,,Namasinque,,
,,R. Choluteca,,
,,R. San Bernardo,,
,,R. Sola,,
,,San Antonio,,
,,San Marcos,,
,Colon,,,
,,Aguán,,
,,B. de Trujillo,,
,,Colinas,,
,,El Coco,,
,,I. San Lucas,,
,,Ilanga,,
,,L. Guaimoreto,,
,,La Brea,,
,,Limón,,
,,R. Aguan,,
,,San Esteban,,
,,Santa Fe,,
,,Sonaguera,,
,,Trujillo,,
,Comayaqua ,,,
,,Comayaqua,,
,,Meambar,,
,,Minas,,
,,Otora,,
,,Opoteca,,
,,R. Humuya,,
,,San Antonio,,
,,San Jose,,
,,Siguatepeque,,
,Copán,,,
,,Copán,,
,,Cucuyugua,,
,,Florida,,
,,M.de Gallinero,,
,,R. Chamelecon,,
,,R. Hicpuito,,
,,Rita,,
,,San José,,
,,Santa Rosa,,
,,Trinidad,,
,Cortés,,,
,,B. de Amatique ,,
,,Cerro Brujo,,
,,L. Yojoa,,
,,Pto. Cortés,,
,,R. Chamelecon,,
,,R. Ulúa,,
,,San Francisco,,
,,San Pedro,,
,,Santa Cruz,,
,,Sensenti,,
,,Sierra Espiritu Santa,,
,Olancho,,,
,,Agatla,,
,,Catacamas,,
,,Comayaguela,,
,,Concordia,,
,,Culimi,,
,,El Real,,
,,Escuipula,,
,,Guacoca,,
,,Gualaco,,
,,La Guata,,
,,La Venta,,
,,M. de Cimarrón,,
,,M. de Coca,,
,,M. del Guapinol,,
,,Manto,,
,,Maranjal,,
,,Pataste,,
,,Portal de Inferno,,
,,Rio Patuca,,
,,R. Agalta,,
,,R. Gayape ,,
,,R. Guyamel,,
,,R. Tayuco,,
,,R. Telica,,
,,Rosario,,
,,Sacualpas,,
,,Saguay,,
,,S. Buenaventura,,
,,San Carlos,,
,,San Estevan,,
,,Santa María,,
,,Silca ,,
,,Union,,
,,Viajo,,
,,Yocón,,
,Santa Bárbara,,,
,,Colinas,,
,,Ilama,,
,,M. de Palmo,,
,,Quimistan,,
,,R. Ulúa,,
,,R. Juytique,,
,,Santa Bárbara,,
,,San Luis,,
,,San Nicholás,,
,,Trinidad,,
,Valle,,,
,,Aramecina,,
,,B. San Lorenzo,,
,,Caridad,,
,,Goascorán,,
,,I. Tigre,,
,,Nacaome,,
,,San Lorenzo,,
,Yoro,,,
,,Arenalo,,
,,Botrerillos,,
,,Concepción,,
,,La Guata,,
,,M. del Águila,,
,,M. de Pijul,,
,,M. de Silac,,
,,Molon,,
,,Morazon,,
,,Morillos,,
,,Negrito,,
,,Olanchito,,
,,Placen…,,
,,Progreso,,
,,R. Comayagua,,
,,R. Cullamara,,
,,R. Mangulite,,
,,Yarcua,,
,,Yoro,,
,Comarca de la Mosquita,,,
,,Aguán,,
,,Black River,,
,,Bruss Laguna,,
,,C. Camarón,,
,,C. Falso,,
,,C. Payas,,
,,Canon,,
,,Cucovila,,
,,Cusuna,,
,,Francia,,
,,El Dorado,,
,,El Real,,
,,Gualpatanta,,
,,Guarunto,,
,,Hondunos,,
,,Huijo,,
,,I. Cañon,,
,,I. Tausin,,
,,Ivans,,
,,L. Tilbatocra,,
,,Lag. Caratasca,,
,,P. Ironica,,
,,P. Piedra,,
,,Pau,,
,,Paulaya,,
,,Paya,,
,,R. Aguan,,
,,R. Grande,,
,,R. Guatango,,
,,R. Ibentara,,
,,R. Seco,,
,,R. Tobacata,,
,,San Francisco,,
,,San Pedro,,
,Paraíso,,,
,,Danlí,,
,,Jacaleapa,,
,,Liare,,
,,M. de Jalan,,
,,Muriceli,,
,,Oropola,,
,,San Lucas,,
,,Teupasenti,,
,,Texigrat,,
,,Yuscarán,,
,Gracias a Dios (Cabo?),,,
,Intibucá,,,
,,Camasca,,
,,Dolores,,
,,El Pito,,
,,Esperanza,,
,,Guancalpa,,
,,Jesus,,
,,Masaguaro,,
,,R. Juan,,
,,San Juan,,
,Islas de la Bahia (Las Islas),,,
,,I. Ruatan,,
,,          Ruatan,,
,,I. Barbarita,,
,,I. Guanaja,,
,,          Guanaja,,
,,I. Helena,,
,,I. Murat,,
,La Paz,,,
,,Cabaños,,
,,La Paz,,
,,Lauterique,,
,,Marcala,,
,,Opatoro,,
,,San Juan,,
,Lempira (see below),,,
,Ocotepeque,,,
,,R. Upurra,,
,,R. Yamanta,,
,,R. Grande,,
,,R. Patuca,,
,,San de Soledad,,
,,Sangrelaya,,
,,Tocoa,,
,,Yamanta,,
,Districto de Cabo Gracias a Dios,,,
,,,,
,Gracias (Lempira),,,
,,Conal,,
,,Ercandique,,
,,Flores,,
,,Gracias,,
,,Guarita,,
,,Vol. Tenango,,
,Tegulcigalpa (Fransisco Morazán),,,
,,Cantarranas,,
,,Cedros,,
,,M. de Agua Fria,,
,,Orica,,
,,Reitoca,,
,,Santa Ana,,
,,Talanga,,
,,Tegulcigalpa,,
,,Valle de Anjeles,,
,,Vol. Anton,,
MEXICO,,,,
,31 Provinces (States),,,
, Federal District,,,
,Aguascalientes,,,
,,Calvillo Rincon Romos,,
,Baja California,,,
,Sur de Baja California,,,
,Campeche,,,
,,Atasta,,
,,Bolonchen,,
,,Cahuich,,
,,Campeche,,
,,Carmen,,
,,Carolina,,
,,Champoton,,
,,Chicbul,,
,,China,,
,,Chinchanha,,
,,Chuncruz,,
,,Concepcion,,
,,Hopelchen,,
,,Icariche,,
,,I. Carmen,,
,,I. Madagascar,,
,,I. Piedra,,
,,I. Sisal,,
,,Iturbide,,
,,Konchen,,
,,Lago de Chaco,,
,,Laguna de Terminos,,
,,Lerma,,
,,Macanche,,
,,Mamantel,,
,,Maspich,,
,,Niop,,
,,Palmar,,
,,Pta. Escondido,,
,,Pomuch,,
,,Pocyaxum,,
,,Pustunich,,
,,R. Balcbaco,,
,,R. Julubal,,
,,R. Mamantel,,
,,San Antonio,,
,,San Felipe,,
,,San Román,,
,,Santa Isabel,,
,,S. Joaquín,,
,,Sahcaba,,
,,Sayab,,
,,Seiba Playa,,
,,Sihochac,,
,,Sitio Viejo,,
,,Tanché,,
,,Tenabo,,
,,Thumbusil,,
,,Tinum,,
,,Trescruces,,
,,Xicalango,,
,,Zaitalchen,,
,Chiapas,,,
,,Acapetagua,,
,,Amtentango,,
,,B. Soconusco,,
,,Baja,,
,,Baja Yaxchilan,,
,,Billar,,
,,Cambio,,
,,Catarina la Grande,,
,,Cayo,,
,,Chachi,,
,,Chiapa,,
,,Chicoasen,,
,,Chicomucelo,,
,,Chilon,,
,,Comitan,,
,,Concordia,,
,,Constancia,,
,,Copainala,,
,,Cuchu,,
,,Cuilco Viega,,
,,Ecatepec,,
,,El Caribe,,
,,El Carmen,,
,,El Salto,,
,,Ermita,,
,,Espiritu Santo,,
,,Ixhuatan,,
,,Ixtapa,,
,,Jaurez,,
,,Jiquipilas,,
,,Mapastepec,,
,,Maxapan,,
,,Menchi (ruins),,
,,Montecristo,,
,,Moyos,,
,,Nueva,,
,,Nuevo Cacaos,,
,,Ocosingo,,
,,Ocozoculta,,
,,Palenque,,
,,Pantepec,,
,,Pichucalco,,
,,Pijijiapan,,
,,Quechulac,,
,,Raya Yaxchilan,,
,,Real,,
,,Rio Chiapas,,
,,Rio de Catarina la Grande,,
,,Rio Dolores,,
,,Rio Lacantun,,
,,Rio Usumacinta,,
,,R. de Culebra,,
,,R. Iveletic,,
,,R. Jataté,,
,,R. Lacanja,,
,,R. Seconejá,,
,,R. Suchiate,,
,,Sabana,,
,,San Bartolomé,,
,,San Benito,,
,,San Cristobal,,
,,Sancuc,,
,,San Fernardo,,
,,San Lorenzo,,
,,San Martin,,
,,San Ramon,,
,,San Vicente,,
,,Santa Elene,,
,,Santa Rosa,,
,,Sayalo,,
,,Sayula ,,
,,Sierra Madre,,
,,Sinjovel,,
,,Suchiapa,,
,,Tacotalpa,,
,,Tamazulapa,,
,,Tapachula,,
,,Tapalapa,,
,,Tapiuta ,,
,,Teapa,,
,,Tenejapa,,
,,Testaquin,,
,,Totolapa,,
,,Tumbala,,
,,Tuxtla,,
,,Vergel,,
,,Victoria,,
,,Yajalon,,
,,Yaxha,,
,,Zapaluta,,
,,Zayatitan,,
,,Zintalapa,,
,Chihuahua,,,
,,Adrian,,
,,Agua Nueva,,
,,Ahumada,,
,,Alamos de Peña,,
,,Aldama,,
,,Allende,,
,,Animas,,
,,Babisas,,
,,Bachera,,
,,Bachimba,,
,,Bachiniva,,
,,Balleza,,
,,Banderas,,
,,Baquiriachic,,
,,Batopilas,,
,,Bisaquichu,,
,,Boca Grande,,
,,Bolsom de Mapimi,,
,,Buenaventura,,
,,Bustamante,`,
,,Caballo,,
,,Caborachic,,
,,Calera,,
,,Camargo,,
,,Candelaria,,
,,Carillo,,
,,Carretas,,
,,Carrizal,,
,,Chihuahua,,
,,Chinapas,,
,,Chivalito,,
,,Chupadero,,
,,Concepcion,,
,,Concha,,
,,Conejos,,
,,Corichic,,
,,Corralitos,,
,,Coyame,,
,,Cuchillo Parado,,
,,Cuervo,,
,,Cuevas,,
,,Cuseraro,,
,,Cusihuiriachic,,
,,Dolores,,
,,El Carmen,,
,,El Nogal,,
,,El Paso,,
,,El Rosario,,
,,Encantada,,
,,Encinillas,,
,,Encino,,
,,Escalon,,
,,Galeana,,
,,Gallego,,
,,Geronimo,,
,,Gloria,,
,,Gomez,,
,,Guadalupe,,
,,Guachochic,,
,,Guapalaina,,
,,Guaypana,,
,,Guerrero,,
,,Guilman,,
,,Guzman,,
,,Horcasitas,,
,,Hueso,,
,,Humaxiga,,
,,Isleta,,
,,Janos,,
,,Juarez,,
,,Jiminez,,
,,Julimes,,
,,La Armagosa,,
,,La Ascencion,,
,,La Candelaria,,
,,La Cruz,,
,,L. de la Vieja,,
,,L. de Patos,,
,,L. de Santa Maria,,
,,L. Gavilan,,
,,L. Guzman,,
,,L. Palomas,,
,,Laguana,,
,,La Junta,,
,,La Jurda,,
,,La Reforma,,
,,Las Palomas,,
,,Las Trancas,,
,,Las Vacas,,
,,Mapula,,
,,Medanos,,
,,Mesa,,
,,Mesa de Sandia,,
,,Minaca,,
,,Minas Nuevas,,
,,Moctexuma,,
,,Molis,,
,,Mula,,
,,Munerachis,,
,,Muralla,,
,,Naica,,
,,Namiquipa,,
,,Nararcachic,,
,,Nonova,,
,,Ojinaga,,
,,Ojo Caliente,,
,,Ojo de Agua,,
,,Oji de Borracho,,
,,Olivos,,
,,Orion,,
,,Ortega,,
,,Ortiz,,
,,Pachera,,
,,Pamachic,,
,,Parral ,,
,,Paso de Norte,,
,,Peña,,
,,Pilarconchas,,
,,Pilares,,
,,Plan,,
,,Presidio del Norte,,
,,Provencia,,
,,Puerto Alto,,
,,Rancheria,,
,,Rancho,,
,,Rincon,,
,,Rio Florido,,
,,R. Allende,,
,,R. Carmen,,
,,R. Conchias,,
,,R. de Santa Maria,,
,,R. Florias,,
,,R. Grande,,
,,R. Grande del Norte,,
,,R. San Pedro,,
,,Roborichic,,
,,Rocheachic,,
,,Sabinal,,
,,Saez,,
,,Saguarichic,,
,,Salas,,
,,Salero,,
,,Samalayuai,,
,,San Andres,,
,,San Antonio,,
,,San Blas,,
,,San Borja,,
,,San Carlos,,
,,San Diego,,
,,San Geronimo,,
,,San Isidro,,
,,San Javier,,
,,San José,,
,,San Juan,,
,,San Lorenzo,,
,,San Luis,,
,,San Mateo,,
,,San Nicholas,,
,,San Pablo,,
,,San Pedro,,
,,San Sostenes,,
,,Santa Barbara,,
,,Santa Cruz de Rosales,,
,,Santa Eulalia,,
,,Santa Isabel,,
,,Santa Rosalia,,
,,Satero,,
,,Saucillo,,
,,Sauz,,
,,Seneca,,
,,Sierra Mojada,,
,,Tasajera,,
,,Tecorichic,,
,,Temachic,,
,,Temosachic,,
,,Tepeguanas,,
,,Torreon,,
,,Temachic,,
,,Tinajas,,
,,Torreon,,
,,Tres Castillos,,
,,Troya,,
,,Urutia,,
,,Vaca,,
,,Vepomera,,
,,Zavalza,,
,Coahuila,,,
,,A. de Santa Ana,,
,,Abasolo,,
,,Albercas,,
,,Allende,,
,,Babia,,
,,Baján,,
,,Barroteran,,
,,Blanco,,
,,Carmen,,
,,Castaños,,
,,Corral,,
,,Cruces,,
,,Cuatro Cienegas,,
,,Delicias,,
,,Encarnacion,,
,,Encinas,,
,,Espinaz,,
,,Florida,,
,,Garcia,,
,,Guadalupe,,
,,Gomez Farias,,
,,Guimbalete,,
,,Hermanas,,
,,Hondo,,
,,Jabali,,
,,Jimenez,,
,,Joya,,
,,Juncal,,
,,Jusado,,
,,L. Coyote,,
,,L. de Agua Verde,,
,,L. de Jaco,,
,,L. de Santa Maria,,
,,La Zorra,,
,,Leona,,
,,Margarita,,
,,Monclova,,
,,Musquiz,,
,,Nacimiento,,
,,Nadadores,,
,,Nuevo Leon,,
,,Obayos,,
,,Ocampo,,
,,Parras,,
,,Pellotes,,
,,Piedras,,
,,Pozuelos,,
,,Progreso,,
,,Rincón,,
,,R. Alamo,,
,,R. Grande,,
,,R. Las Vacas,,
,,R. Sabinas,,
,,R. Salado,,
,,R. San Antonio,,
,,Sabinas,,
,,Sabinas Junc.,,
,,Sacramento,,
,,Saltillo,,
,,San Antonio,,
,,San Buenaventura,,
,,Sancillo,,
,,San Felipe,,
,,San Marcos,,
,,San Pedro,,
,,Sierra Mojada,,
,,Tinajitas,,
,,Tlahualilo,,
,,Torreón,,
,,Villita,,
,,,,
,,,,
,,,#NAME,
,,,Columbia,
,,,Eagle Pass (N),
,,,Fuente,
,,,Fuentes,
,,,Hidalgo,
,,,Jiminez,
,,,Guerrero,
,,,Hondo,
,,,Jaurez,
,,,Junc. San Felipe,
,,,Leona,
,,,Morelos,
,,,Nava,
,,,Pellotes (N),
,,,Porficio Dio (Forfidio Diaz),
,,,Progreso,
,,,R. Las Vacas,
,,,R. Escondido,
,,,R. Salado,
,,,R. Salinas,
,,,Rosales,
,,,Sabinas,
,,,Zaragoza,
,,Colima,,
,,Alvarez,,
,,Mamey,,
,,Mazanillo (N),,
,,Tecomún,,
,,Ixtlouiacan (Ixtlahuacán),,
,Districto Federal,,,
,,Ajusco,,
,,Mexico,,
,,Tacubaya,,
,,Tlalpam,,
,,Xochimilco,,
,Durango,,,
,,Aguacaliente,,
,,Bermejillo,,
,,Blanco,,
,,Cabrera,,
,,Canatán,,
,,Canelas,,
,,Ciudad de Guarisamey,,
,,Conejos,,
,,Coneto,,
,,Copalquin,,
,,Corona,,
,,Cuename,,
,,Desubridora,,
,,Durango,,
,,El Oro,,
,,El Salto,,
,,Garilones,,
,,Gómez Palacio,,
,,Hidalgo,,
,,Huazamota,,
,,Lajas,,
,,Lerdo,,
,,Mapimí,,
,,Mezquital,,
,,Nazas,,
,,Nombre de Dios,,
,,Otaez,,
,,Pánuco,,
,,Presidio,,
,,Pueblo Nuevo,,
,,Quiviquinta,,
,,R. de San Pedro,,
,,R. Mezquital,,
,,R. Naxas,,
,,San Bernardo,,
,,San Buenaventura,,
,,San Catarina,,
,,San Esteban,,
,,San Fransisco,,
,,San Gregorio,,
,,San Juan,,
,,San Juan del Rio,,
,,San Luis,,
,,San Pedro,,
,,Santa Lucía,,
,,Santa Maria Ocotan,,
,,Santiago,,
,,Santiago Papasquiaro,,
,,Sierra Madre,,
,,Taxicaringa,,
,,Teneraca,,
,,Te[ehuanes,,
,,Tlahulilo,,
,,Topia,,
,,Torreon,,
,,Villa Ocampo,,
,,Yermo,,
,Guanajuato,,,
,,Acambaro,,
,,Alto Ibarra,,
,,Angangulo,,
,,Atarge,,
,,Charo,,
,,Celaya,,
,,Chorro,,
,,Cueramaro,,
,,Dolores,,
,,Guanajuato,,
,,Huanimaco,,
,,Irapuato,,
,,Irimbo,,
,,Jaral,,
,,Jerecuaro,,
,Guerrero,León,,
,,Morelia,,
,,Penjamo,,
,,Piedad,,
,,Pozos,,
,,Pueblito,,
,,Rincón,,
,,R. Lerma,,
,,Salamanca,,
,,Salvatierra,,
,,San Cristóbal,,
,,San Diego,,
,,San Felipe,,
,,San José,,
,,San Luis,,
,,San Miguel,,
,,San Miguel Allende,,
,,Santa Cruz,,
,,Santa Rosa,,
,,Silao,,
,,Uriangato,,
,,Valle Santiago,,
,,Victoria,,
,,Xichú,,
,,Zamora,,
,,Zaragoza,,
,Guerrero,,,
,,Acapulco,,
,,Aqua Correa,,
,,Ajuchitlán,,
,,Atoyac,,
,,Ayulta,,
,,B. Petacalco,,
,,B. Petatlán,,
,,B. Tequepa,,
,,Balsas,,
,,Calvario,,
,,Chilpancingo,,
,,Chulta,,
,,Coacoyula,,
,,Coatepec,,
,,Gutzamala,,
,,Huautla,,
,,Iguala,,
,,Jaleaca,,
,,Miguel,,
,,Naxo,,
,,Omilteme,,
,,Orilla,,
,,Pantla,,
,,Potatlan,,
,,Rincón,,
,,Salada,,
,,San Cristóbal,,
,,San Fransisco,,
,,San Geronimo,,
,,San Luis,,
,,San Marcos,,
,,San Pablo,,
,,Santa Barbara,,
,,Sierra Madre del Sur,,
,,Sihualanejo,,
,,Taxco,,
,,Tecpan,,
,,Teloloapan,,
,,Temalhuacán,,
,,Tepehuaje,,
,,Texca,,
,,Tierra,,
,,Tixtla,,
,,Tlapehuala,,
,,Unión,,
,,Zapote,,
,Hidalgo,,,
,,Apam,,
,,Actopan,,
,,Apalco,,
,,Atotonilco,,
,,Chapantongo,,
,,Chapulhuacán,,
,,Chico,,
,,Chilcuautla,,
,,Doctor,,
,,Epazpyucan,,
,,Huaulta,,
,,Huazalingo,,
,,Huejutla,,
,,Huichapa,,
,,Ixmiquilpan,,
,,Jacala,,
,,Metzquititlan,,
,,Omitlan,,
,,Orizatlan,,
,,Orozatlan,,
,,Pachuca,,
,,Real,,
,,Teanango,,
,,Tepeji Rio,,
,,Tepetitlan,,
,,Tlanchinol,,
,,Tulancingo Bravos,,
,,Zacualtipan,,
,,Zempoala,,
,,Zimapam,,
,Jalisco,,,
,,Ahualulco,,
,,Amatitlán,,
,,Ameca,,
,,Arandas,,
,,Atenquillo,,
,,Atotonilco,,
,,Atoyac,,
,,Autlan,,
,,Ayo,,
,,Ayulta,,
,,B. Manzanillo,,
,,B. Perula,,
,,B. Tenacatita,,
,,Bramador,,
,,C. Corrientes,,
,,Chamela,,
,,Chapala,,
,,Cuate,,
,,Cuautla,,
,,Cuquio,,
,,Degollado,,
,,Etzatlan,,
,,Ejutla,,
,,Gaudalajara,,
,,Ixtlahuacán,,
,,Jilotlan,,
,,Jocotepec,,
,,Juanacatlan,,
,,Juchitlan,,
,,Lagos,,
,,Magdalena,,
,,Mamey,,
,,Macota,,
,,Mezquital del Oro,,
,,Mitic,,
,,Mixtlán,,
,,Nochistlán,,
,,Ocotlán,,
,,Peñas,,
,,Purificacion,,
,,Quitupan,,
,,Rio Grande de Santiago,,
,,San Cristóbal,,
,,San Juan,,
,,San Marcos,,
,,San Miguel,,
,,San Pedro,,
,,San Sebastián,,
,,Santa Ana,,
,,Sayula,,
,,Tala,,
,,Talpa,,
,,Techalutla,,
,,Tenamatlan,,
,,Teocaltiche,,
,,Tequila,,
,,Tizapan,,
,,Tlajomulco,,
,,Tolimán,,
,,Tonalá,,
,,Tuito,,
,,Tumatlan,,
,,Tuito,,
,,Tumatlan,,
,,Union de Tula,,
,,Yahualica,,
,,Zacoalco,,
,,Zapopan,,
,,Zapotitlan,,
,México,,,
,,Aculco,,
,,Almoloya,,
,,Alvarado,,
,,Atxcapotzalco,,
,,Capal,,
,,Chalco,,
,,Contepec,,
,,Cuerna,,
,,Guerrero,,
,,Jocotitlán,,
,,Mexico,,
,,Nopala,,
,,San Felipe,,
,,Sultepec,,
,,Tecaltitlan,,
,,Tejupilco,,
,,Temascaltepec,,
,,Tena,,
,,Teoloy,,
,,Teotihuacán,,
,,Tepej Rio,,
,,Texcoco,,
,,Tlalmanalco,,
,,Tlanepantla,,
,,Tlataya,,
,,Toluca,,
,,Tuxcacuesco,,
,,Valle de Bravo,,
,,Victoria,,
,,Zacualpa,,
,Michoacán,,,
,,Acuitzio,,
,,Angangueo,,
,,Aguililla,,
,,Angamacutiro,,
,,Apatzingan,,
,,Ario,,
,,Bureriás,,
,,Chaputuato,,
,,Charo,,
,,Cheran,,
,,Chilchota,,
,,Coahuayana,,
,,Cueneo,,
,,Contepec,,
,,Copundaro,,
,,Cuitzeo,,
,,Curugupasco,,
,,Etacuaro,,
,,Frinibo,,
,,Guarachita,,
,,Guracuaro,,
,,Huango,,
,,Huetamo,,
,,Huizoutla,,
,,Ixtlan,,
,,L. de Cuitzeo,,
,,L. de Patzcuaro,,
,,Maravatio,,
,,Maruata,,
,,Morelia,,
,,Paracho,,
,,Paracuaro,,
,,Patzcuaro,,
,,Perijamillo,,
,,Perillan,,
,,Pizandaro,,
,,Pomaro,,
,,Purepero,,
,,Puruandiro,,
,,Quirogo,,
,,Reyes,,
,,R. Tepalcotepec,,
,,Sabuayo,,
,,San Antonio,,
,,San Felipe,,
,,Santa Clara,,
,,Susurnato,,
,,Tacambaro,,
,,Tamacuaro,,
,,Tancítaro,,
,,Tangancicuaro,,
,,Tecario,,
,,Tepalcatepec,,
,,Tincuindin,,
,,Tomatlán,,
,,Turicato,,
,,Tuzantla,,
,,Tuxpan,,
,,Urapan,,
,,Yurecuaro,,
,,Zamora,,
,,Zinapecuaro,,
,,Zintzuatzan,,
,,Zitacuaro,,
,Morelos,,,
,,Cuautla,,
,,Huitz,,
,,Jojutla,,
,,Navaca,,
,,Tepaltzingo,,
,,Xanteteleo,,
,,Xonacatepec,,
,,Yautepec,,
,Nuevo León,,,
,,Aqualeguas,,
,,Aldamas,,
,,Aremberri,,
,,Arroyo,,
,,Ascensión,,
,,Bravo,,
,,Caderyta,,
,,Camarones,,
,,Carmen,,
,,Cerralro,,
,,Chiná,,
,,Cos,,
,,D. Gonzales,,
,,Doctor,,
,,Escalera,,
,,Escondida,,
,,Espinal,,
,,Garcia,,
,,Gral Teran,,
,,Guadalupe,,
,,Herreras,,
,,Highueras,,
,,Hormigas,,
,,Huajuca,,
,,Hualahuises,,
,,Iturbide,,
,,Joya,,
,,Juarez,,
,,Lajita,,
,,La Jarita,,
,,Lampazos,,
,,Las Lajitas,,
,,Limones,,
,,Linares,,
,,Lomo Alta,,
,,Los Ramones,,
,,Marin,,
,,Medina,,
,,Mier y Noriega,,
,,Mina,,
,,Mojina,,
,,Montemorelos,,
,,Monterey,,
,,Palo Blanco,,
,,Parás,,
,,Paso Alamo,,
,,Pesqueria,,
,,Petaca,,
,,Pontezuelas,,
,,Ramones,,
,,Rodríguez,,
,,Sabinas,,
,,San Juan,,
,,San Pedro,,
,,Satinas,,
,,Tandquecillo,,
,,Topo,,
,,Treviño,,
,,Vallecillo,,
,,Villaldama,,
,,Zaragoza,,
,Oaxaca,,,
,,Astata,,
,,Atitlan,,
,,Ayutla,,
,,B. Chacahua,,
,,B. Escondida,,
,,B. Ventosa,,
,,Barrio,,
,,Cajones,,
,,Chichicastepec,,
,,Chila,,
,,Choapan,,
,,Cholula,,
,,Coixtlahuaca,,
,,Cuatzopan,,
,,Cuicatlan,,
,,Cuicovi,,
,,Ejulta,,
,,Espinal,,
,,Guiechapa,,
,,Huajuapan,,
,,Huamelula,,
,,Huautla,,
,,Huilotepec,,
,,Huitzo,,
,,Itundujia,,
,,Ixcatlan,,
,,Ixhuatan,,
,,Ixtepeji,,
,,Ixtlan,,
,,Jalapa,,
,,Jamiltepec,,
,,Jayacatlan,,
,,Jiquipilas,,
,,Juchatengo,,
,,Juchitan,,
,,Juquila,,
,,Juxtlahuaca,,
,,Lachizilac,,
,,Loxicha,,
,,Magdalena,,
,,Miahuatlan,,
,,Miltepec,,
,,Mitla,,
,,Mixtepec,,
,,Motzorongo,,
,,Niltepec,,
,,Nochistlan,,
,,Oaxaca,,
,,Ocotlan,,
,,Ojitlan,,
,,Ometepec,,
,,Ozumacir,,
,,Panistlaliuaca,,
,,Petapa,,
,,Pochulta,,
,,Presidio,,
,,P. Angeles,,
,,Quesaltepec,,
,,Quigolani,,
,,Quiotepec,,
,,Rio Hondo,,
,,R. Tehuautepec,,
,,Salina Cruz,,
,,San Carlos,,
,,San Bartolo,,
,,San Bartolome,,
,,San Geronimo,,
,,San Juan,,
,,San Juan de Estado,,
,,San Marcial,,
,,San Miguel,,
,,San Lorenzo,,
,,San Lucas,,
,,San Pablo,,
,,San Pedro,,
,,Santa Ana,,
,,Santa Cruz,,
,,Santa Lucrecia,,
,,Santa Maria,,
,,Silacayoapan,,
,,Sola,,
,,Soyaltepec,,
,,Tapana,,
,,Tecomavaca,,
,,Tehuantepec,,
,,Tenetze,,
,,Teojomulco,,
,,Teotepec,,
,,Tepenistlahuaca,,
,,Teposcolula,,
,,Tequisistlan,,
,,Tequixtepec,,
,,Tetela,,
,,Tlacolula,,
,,Tonala,,
,,Totontepec,,
,,Tututepec,,
,,Tuxtepec,,
,,Villa Alta,,
,,Xanica,,
,,Yaitepec,,
,,Yasoni,,
,,Yazona,,
,,Yuvego,,
,,Zanatepec,,
,,Zimatlan,,
,,Zintalapa,,
,Puebla,,,
,,Acatlan,,
,,Ahuatempan,,
,,Amoxoc,,
,,Atlixco,,
,,Caltepec,,
,,Chiautla,,
,,Chietla,,
,,Cholula,,
,,Cinco Señores,,
,,Coxcatlan,,
,,Cuetzalan,,
,,Esperanza,,
,,Huauchinango,,
,,Ixtaccihuatl Vol.,,
,,Izucar,,
,,Libres,,
,,Matamoros,,
,,Metlaltoyuca,,
,,Molcajao,,
,,Morelos,,
,,Nopalucan,,
,,Pinal,,
,,Popocatepetl,,
,,Puebla,,
,,Tecamachalco,,
,,Tehuacan,,
,,Tepeaca,,
,,Tetela,,
,,Tlacotepec,,
,,Tzinacantepec,,
,,Vol. de Malintzin,,
,,Zacapoaxtla,,
,,Zacatlan,,
,,Zapotitlan,,
,Querétaro,,,
,,Amealco,,
,,Amoles,,
,,Bernal,,
,,Cadereyta,,
,,Chamacuero,,
,,Colón,,
,,El Doctor,,
,,Jalpan,,
,,Pisaflores,,
,,Pueblito,,
,,Querétaro,,
,,San Juan del Rio,,
,,Tancoyol,,
,,Tequisquiapa,,
,,Tolimán,,
,,Vizarrón,,
,Quintana Roo,,,
,,Bacalar,,
,,B. de Espiritu,,
,,B. de la Ascencion,,
,,Chetumal Bay,,
,,Chetumal Pena,,
,,Clanchen,,
,,Chunhubub,,
,,Crucero,,
,,Dos Hermanos,,
,,Jonot,,
,,Lochha,,
,,P. Solimán,,
,,Polyac,,
,,R. Chaac,,
,,R. Hondo,,
,,R. San José,,
,,Sabán,,
,,San Pedro,,
,,Santa Cruz,,
,,Santa María,,
,,Tamalcab Cay,,
,,Titua,,
,,Uaimas,,
,,Yakik,,
,,I. Cozumel,,
,,     Pt. Celerain,,
,,     Pt. Molas,,
,,     Santa María,,
,,     San Miguel,,
,,I. Cancún,,
,,I. Blanca,,
,,I. Contoy,,
,,I. Mugen,,
,,Is. Holbox,,
,San Luis Potosí,,,
,,Ahualulco,,
,,Arista,,
,,Armadillo,,
,,Aquismon,,
,,Axtla,,
,,Catorce,,
,,Cedral,,
,,Cerritos,,
,,Concordia,,
,,Coxatlan,,
,,Fernardo,,
,,Fernandez,,
,,Guadalacazar,,
,,Guadalupe,,
,,Iturbide,,
,,Juarez,,
,,Laguniltas,,
,,Maiz,,
,,Matchuala,,
,,Mezquitic,,
,,Moctezuma,,
,,Montes,,
,,Patuna,,
,,Potrero,,
,,Pozos,,
,,Ramos,,
,,Ranchito,,
,,Rayón,,
,,Reyes,,
,,Salinas,,
,,San Bartolo,,
,,San Luis Potosí,,
,,San Ciro,,
,,Santa Maria de Rio,,
,,Soledad,,
,,Tampalan,,
,,Tamuin,,
,,Tamazunchale,,
,,Tancuayalab,,
,,Tierra Nueva,,
,,Tucanhuitz,,
,,Valles,,
,,Vanegas,,
,,Venado,,
,,Xilitla,,
,,Zaragoza,,
,Sinaloa,,,
,,Abuya,,
,,Acaponeta,,
,,Altata,,
,,Aguacaliente,,
,,Aguanueva,,
,,Ahome,,
,,Alicama,,
,,Amole,,
,,Atotonilco,,
,,Augostura,,
,,Ayoja,,
,,Bacamacari,,
,,Bacubirito,,
,,Badiragua,,
,,Baimena,,
,,Bamoa,,
,,Bamopa,,
,,Chamela,,
,,Charay,,
,,Chicorato,,
,,Chilillo,,
,,Chinapas,,
,,Choix,,
,,Cocalotan,,
,,Comitaca,,
,,Concepcion,,
,,Concordia,,
,,Cosalá,,
,,Culiacán,,
,,Coyotitlan,,
,,Cuilacancito,,
,,Elota,,
,,Escalera,,
,,Espinal,,
,,Esquinapa,,
,,Flechas,,
,,Fuerte,,
,,Gatos,,
,,Guamuchil,,
,,Guasima,,
,,Gusare,,
,,Habas,,
,,Higueras,,
,,Huajicori,,
,,Huisachal,,
,,Iguana,,
,,I. Atamura,,
,,I. Lechuguilla,,
,,I. Macapule,,
,,I. Pajaros,,
,,I. San Iguacio,,
,,I. Santa Maria,,
,,I. Venado,,
,,Jacobo,,
,,Juntas,,
,,Mazatlan,,
,,Mezcaltitan,,
,,Mochicahui,,
,,Mocorito,,
,,Nio,,
,,Noria,,
,,Ocoroni,,
,,Paramita,,
,,Playa,,
,,Pueblo Nuevo,,
,,P. Ahome,,
,,P. Gruesa,,
,,P. Piaxtla,,
,,Quelite,,
,,Quila,,
,,Quiviquinta,,
,,Rastra,,
,,R. Caña,,
,,R. del Fuerte,,
,,R. del Presidio,,
,,R. de Mocorito,,
,,R. de San Pedro,,
,,R. Humaya,,
,,R. Quita,,
,,R. Sinaloa,,
,,R. Tamacula,,
,,Rosa Morada,,
,,Rosario,,
,,San Benito,,
,,San Felipe,,
,,San Ignacio,,
,,San Javier,,
,,San José,,
,,San Juan,,
,,Santa Ana,,
,,Sataya,,
,,Sinaloa,,
,,Sisqueros,,
,,Soyalito,,
,,Tamazule,,
,,Tapias,,
,,Tehuelo,,`.
,,Tepuche,,
,,Vacas,,
,,Valle,,
,,Venado,,
,,Villa Unión,,
,,Yecorato,,
,,Yedra,,
,,Zapote,,
,Sonora,,,
,,A. el Coyote,,
,,Aduano,,
,,Agiubampo,,
,,Agua Caliente,,
,,Agua Zarca,,
,,Alamito,,
,,Álamos,,
,,Algodones,,
,,Altar,,
,,Antonio,,
,,Arivechi,,
,,Arizpe,,
,,Aronchi,,
,,Atil,,
,,Baboyhui,,
,,Bacadehuachi,,
,,Bacanora,,
,,Bacerae,,
,,Bacoachi,,
,,B. Adair,,
,,B. Kino,,
,,B. de Lobos,,
,,B. de Santa Bárbara,,
,,B. Jorges,,
,,B. Tepoca,,
,,Bámori,,
,,Banamichi,,
,,Bariacora,,
,,Barispe,,
,,Baroyeca,,
,,Batacosa,,
,,Batepillo,,
,,Bonacita,,
,,Brances,,
,,Buenavista,,
,,Burras,,
,,C. de Haro,,
,,C. Lobos,,
,,C. Tepoca,,
,,Cananea,,
,,Carbo,,
,,Carrizo,,
,,Casas Viejas,,
,,Cedros,,
,,Centro,,
,,Cocoraqui,,
,,Cocorit,,
,,Colorado,,
,,Conicari,,
,,Cruces,,
,,Cuaraje,,
,,Cucurpe,,
,,Cumpas,,
,,Cumuripa,,
,,Del Río,,
,,Douglas,,
,,El Burro,,
,,El Infiernillo,,
,,Estero de Agiabampo,,
,,Fronteras,,
,,Granados,,
,,Guachinera,,
,,Guásabas,,
,,Guaymas,,
,,Hacienda de Beneficio,,
,,Hermosillo,,
,,Horcasitas,,
,,Hornos,,
,,Huatampo,,
,,Huepac,,
,,Imuris,,
,,I. Animas,,
,,I. Cehuare,,
,,I. Ciari,,
,,I. Huituilay,,
,,I. Lobos,,
,,I. Montague,,
,,I. Partida,,
,,I. Raza,,
,,I. Salsipuede,,
,,I. San Esteban,,
,,I. San Lorenzo,,
,,I. San Pedro,,
,,Is. Jorge,,
,,I. Tortuga,,
,,I. Turner,,
,,Jécori,,
,,Juárez,,
,,Libertad,,
,,Lista Blanca,,
,,Lomas,,
,,Mocoyalui,,
,,Magdanela,,
,,Mariposa,,
,,Matape,,
,,Médano,,
,,Minas Nuevas,,
,,Misa,,
,,Moctezuma,,
,,Moreno,,
,,Mosiaca,,
,,Movas,,
,,Mulatos,,
,,Nacori,,
,,Nacozari Viejo,,
,,Noche Buena,,
,,Nogales,,
,,Nuri,,
,,Ocuca,,
,,Onaras,,
,,Opodepe,,
,,Oputo,,
,,Oquitoa,,
,,Ortiz,,
,,Palma,,
,,Paso del Negro,,
,,Pesqueira,,
,,Pitiquito,,
,,Pocitos,,
,,Potam,,
,,Pozo Carriza,,
,,Pozo Crisante,,
,,Prieta,,
,,Puerto Libertad,,
,,Pta. Arenas,,
,,Pta. Invencible,,
,,Pta. Isabel,,
,,Pta. Kino,,
,,Pta. Peñasco,,
,,P. Rosa,,
,,Pta. San Miguel,,
,,Pta. Santa Lugarda,,
,,Querobabi,,
,,Quitoraca,,
,,Quitovaquita,,
,,Rafael,,
,,Rayon,,
,,Rastritas,,
,,Reparo,,
,,Rica,,
,,R. Altar,,
,,R. Asuncion,,
,,R. Bacuachi,,
,,R. Casas de San Pedro,,
,,R. Chico,,
,,R. Colorado,,
,,R. de Bavispe,,
,,R. del Zamón,,
,,R. de Matape,,
,,R. de Moctezuma,,
,,R. de San Miguel,,
,,R. de Sonoyta,,
,,R. Los Alisos,,
,,R. Magdalena,,
,,R. Mayo,,
,,R. Seco,,
,,R. Sonora,,
,,R. Yaqui,,
,,Ronquillo,,
,,Rosario,,
,,S. de Santa Clara,,
,,Salada,,
,,San Blas,,
,,San Enrique,,
,,San Fransisco,,
,,San Fransisco Costa,,
,,San Ignacio,,
,,San José,,
,,San José de Pimas,,
,,San José Gracia,,
,,San Luis de Los Aros,,
,,San Marcial,,
,,San Marcos,,
,,San Pedro,,
,,San Rafael,,
,,San Rafael del Alamito,,
,,San Rosalía,,
,,San Vicente,,
,,Santa Ana,,
,,Santa Cruz,,
,,Santa Mária,,
,,Santa Rosa,,
,,Saqui Grande,,
,,Saric,,
,,Sásabe,,
,,Serebampo,,
,,Serna,,
,,Sierra Pinta,,
,,Sinoquipe,,
,,Sombreretillo,,
,,Soni,,
,,Soyopa,,
,,Suaqui,,
,,Tacupeto,,
,,Taxajal,,
,,Tecoripa,,
,,Tejobampo,,
,,Tepachi,,
,,Tepahui,,
,,Terrenate,,
,,Tiburon,,
,,Tonuco,,
,,Torres,,
,,Tortugas,,
,,Tovari,,
,,Tren,,
,,Trinidad,,
,,Tuape,,
,,Ures,,
,,Willard,,
,,Zamora,,
,,Zarca,,
,Tabasco,,,
,,B. San Pedro,,
,,Balancán,,
,,Cacaos,,
,,Cárdenas,,
,,Comalcalco,,
,,Cunduacán,,
,,El Portal,,
,,Ermita,,
,,Estapilla,,
,,Frontera,,
,,Gaguillo,,
,,I. de Chanal,,
,,Huimanguillo,,
,,Jalapa,,
,,Jonuta,,
,,L. de Chichicaste,,
,,L. Grigalya,,
,,La Matillas,,
,,Macuspana,,
,,Nuevo,,
,,Paraíso,,
,,R. Chacamas,,
,,R. San Pedro,,
,,R. San Pedro Martir,,
,,R. Usumacinta,,
,,San Carlos,,
,,San José,,
,,San Juan Bautista,,
,,Santa Ana,,
,,Sitio Viejo,,
,,Teapa,,
,,Tenosique,,
,,Tonalá,,
,,Topetitlan,,
,,Yeladero,,
,,Zanapa,,
,Tamaulipas,,,
,,Abasolo,,
,,Aldama,,
,,Altamira,,
,,Autigo Morelos,,
,,Auza,,
,,B. Tampico,,
,,Brownsville,,
,,Buenavista,,
,,Burgos,,
,,Bustamente,,
,,Camargo,,
,,Carbonero,,
,,Carrizos,,
,,Coronel,,
,,Cruillas,,
,,Cruz,,
,,Gallos,,
,,Garza Valdez,,
,,Gloria,,
,,Gomez Farrias,,
,,Guerrero,,
,,Hildago,,
,,Is. Lasantonias,,
,,Jaumare,,
,,Jiminez,,
,,Laguna Madres,,
,,Lajas,,
,,Las Tortillas,,
,,Llerna,,
,,Magiscatzin,,
,,Martinez,,
,,Matamoros,,
,,Mendez,,
,,Mier,,
,,Miguihana,,
,,Morales,,
,,Motevideo,,
,,Nuevo Laredo,,
,,Nuevo Morelos,,
,,Ojo de Agua,,
,,Padilla,,
,,Palmillas,,
,,Potrerillos,,
,,Quintero,,
,,Reynosa,,
,,Rinconada,,
,,R. Conchos,,
,,R. Grande,,
,,R. Panuco,,
,,R. Soto la Marina,,
,,R. Tamasi,,
,,Rosilla,,
,,San Carlos,,
,,San Fernando,,
,,San José Ramireno,,
,,San Miguel Camargo,,
,,Santa Rosa,,
,,Santa Teresa,,
,,Soldadito,,
,,Soto la Marina,,
,,Tampico,,
,,Tula,,
,,Union Morales,,
,,Victoria,,
,,Villagran,,
,,Xicotencal,,
,Tepic,,,
,,Ahuacatlan,,
,,Compostela,,
,,Garabatos,,
,,Guadalupe,,
,,I. Isabel,,
,,I. Magdalena,,
,,I. Maria Madre,,
,,I. San Juaníto,,
,,Ixtlan,,
,,P. Mita,,
,,R. Grande de Santiago,,
,,San Blas,,
,,Santiago,,
,,Tuxpan,,
,,Yesca,,
,,Zapoain,,
,Tlaxcala,,,
,,Barron Escandon,,
,,Huamautla,,
,,Tlaxcala,,
,,Tlaxco,,
,Veracruz-Llave,,,
,,Acula,,
,,Almolonga,,
,,Altotongo,,
,,Aoayucan,,
,,Atoyac,,
,,Chicontepec,,
,,Coatepec,,
,,Coatzacoalcos,,
,,Córdoba,,
,,Cosamaloapan,,
,,Coscomatepec,,
,,Cotaxtla,,
,,Fortin,,
,,Hidalgotitlán,,
,,Huatuxco,,
,,Jalacingo,,
,,Jalapa,,
,,Juile,,
,,L. Catemaco,,
,,La Antigua,,
,,Las Vigas,,
,,Martínez Torre,,
,,Mecayapan,,
,,Medellín,,
,,Metlaltoyuca,,
,,Minatitlán,,
,,Misantla,,
,,Mixtlán,,
,,Naolinco,,
,,Naranjos,,
,,Nauhcampaténtl,,
,,Nautla,,
,,Orizaba,,
,,Pajapan,,
,,Papantla,,
,,Paso de Macho,,
,,Paso de San Juan,,
,,Perote,,
,,Plan de Rio,,
,,Playa Vicente,,
,,Potrero,,
,,Quimixtlán,,
,,R. Papaloápan,,
,,San Andrés Tuxtla,,
,,R. Hondo,,
,,Ri. Oxo (N),,
,,R. Savana (N),,
,,R. Chucunaque,,
,,Real de Santa María,,
,,San Carlos,,
,,San Lorenzo,,
,,Sierra Otenepec,,
,,Sochiapa,,
,,Soledad,,
,,Tamiahua,,
,,Tantinia,,
,,Tantoyuca,,
,,Tecolutla,,
,,Teocelo,,
,,Tihuatlán,,
,,Tlacojalpan,,
,,Tlacolulan,,
,,Tlaliscoyan,,
,,Tlapacoyan,,
,,Tuxpan,,
,,Vera Cruz,,
,,Villa Alta,,
,,Vol. Citlaltepec,,
,,Vol. San Martín,,
,,Xapltipan,,
,,Xico,,
,,Zingolica,,
,Yucatán,,,
,,Acancéh,,
,,Ajachao,,
,,Barbachano,,
,,Becanché,,
,,Cenotillo,,
,,Chancenote,,
,,Chemax,,
,,Chichén Itxá,,
,,Chicxulub,,
,,Chikinzonat,,
,,Chochola,,
,,Conkal,,
,,Ditas,,
,,Gonzaléz,,
,,Huhi,,
,,Hunucma,,
,,I. Madagascar,,
,,I. Sisal,,
,,I. Snake,,
,,Ixil,,
,,Izamal,,
,,Jilam,,
,,Jonot-aké,,
,,Kinchil,,
,,Kopomá,,
,,Lagarto,,
,,Loché,,
,,Mamá,,
,,Maxcanú,,
,,Mérida,,
,,Motul,,
,,Muna,,
,,Nabalan,,
,,Oxkulscab,,
,,Opichén,,
,,Panabá,,
,,Pecal,,
,,Peto,,
,,Progreso,,
,,San Fernando,,
,,Sisal,,
,,Sotuta,,
,,Sucliá,,
,,Sucopo,,
,,Teabo,,
,,Tekal,,
,,Telehac,,
,,Temax,,
,,Tixancal,,
,,Tixcacalculpul,,
,,Tixuldantun,,
,,Ticun,,
,,Timum,,
,,Tixkokob,,
,,Tizimín,,
,,Tunkás,,
,,Umán,,
,,Valladolid,,
,,Xocchel,,
,,Yucchil,,
,Zacatecas,,,
,,Blanca,,
,,Chalchihuites,,
,,Colatlán,,
,,Concepcion del Oro,,
,,Cos,,
,,Fresnillo,,
,,García,,
,,Juchipila,,
,,Juejucar,,
,,Mazapil,,
,,Nochistlán,,
,,Ocampo,,
,,Ojo Caliente,,
,,Pinos,,
,,R. Grande,,
,,San Fransisco,,
,,Sain Alto,,
,,Santa Clara,,
,,San Juan,,
,,Sobrerete,,
,,Suchil,,
,,Tlaltenango,,
,,Valparaíso,,
,,Villanueva,,
,,Zacatecas,,
,"15 Departaments (departamentos, singular - departamento)",,,
,Boaco,,,
,Carazo,R. San Pablo,,
,,R. Guinea,,
NICARAGUA,,,,
,Carazo,,,
,,Jinotepe,,
,,R. Guinea,,
,,R. San Pablo,,
,Chinandega,,,
,,C. Castañon,,
,,C. de los Marabios,,
,,Chichigalpa,,
,,Chinandega,,
,,Conway Reef,,
,,El Viejo,,
,,Paso Caballos,,
,,Pasaltega,,
,,Potosí,,
,,Puerto Corinto,,
,,P. Coseguina,,
,,P. Monypenny,,
,,Ra. Nueva,,
,,R. Negro,,
,,R. Somotillo,,
,,R. Telica,,
,,San Tomas,,
,,Speck Reef,,
,,Villa Nueva,,
,Chontales,,,
,,Acoyapa,,
,,Boaco,,
,,Carca,,
,,Coltanchique,,
,,Fuerte,,
,,Jacote,,
,,Juigalpa,,
,,La Libertad,,
,,Mont. De Huapi,,
,,Paso de Cascal,,
,,Piedra,,
,,Portrero,,
,,R. Apala,,
,,R. Carca,,
,,R. Mica,,
,,R. Mollales,,
,,R. Murra,,
,,R. Otama,,
,,R. San Juan,,
,,R. Tepeneguasape,,
,,San Carlos,,
,,San Fransisco,,
,,Santa Lucia,,
,,San Miguelito,,
,,San Tomas,,
,,San Ubaldo,,
,,Sigulape,,
,,Sombrero Negro,,
,Estelí,,,
,,Condega,,
,,Estelí,,
,,Pueblo Nuevo,,
,,San Juan de Limay,,
,Jinotega,,,
,,Jinotega,,
,,San Rafael del Norte,,
,León,,,
,,Delicias,,
,,G. San Miguelito,,
,,La Ceiba,,
,,León,,
,,Madrana,,
,,R. de León,,
,,R. Santa Ana,,
,,R. Tamarindo,,
,,San Fransisco,,
,,Santa Rosa,,
,,Sauce,,
,,Telica,,
,Managua,,,
,,Aseses,,
,,C. Desolado,,
,,Lago de Managua,,
,,Managua,,
,,Matecare,,
,,Nagarote,,
,,R. Burlaros,,
,,R. San Joaquin,,
,,Sabana Grande,,
,,San José,,
,,San Rafael del Norte,,
,,Tipitapa,,
,,Vol. Momotombo,,
,Matagalpa,,,
,,Guardia,,
,,Jinotega,,
,,L. Moya,,
,,L. Tecomapa,,
,,Llano de Sebaco,,
,,Matagalpa,,
,,Metapa,,
,,Muy May,,
,,Nombre Jesus,,
,,Piedra Grande,,
,,San Estevan,,
,,R. Grande,,
,,R. Ramon,,
,,R. Tuma,,
,,R. Vielo,,
,,San Isidro,,
,,San Tomas,,
,,Sebaco,,
,,Sierra de Guaguali,,
,,Terrabona,,
,,Vol. Guisisil,,
,Nueva Segovia,,,
,,Angel,,
,,Awawas,,
,,Balona,,
,,Bocay,,
,,Crupata,,
,,Gualatan,,
,,Guanacaste,,
,,Maculoso,,
,,Ocotal,,
,,Qua,,
,,Santa Cruz,,
,,Somoto Grande,,
,,Totogalpa,,
,,Vuina,,
,,Yalaguina,,
,Rivas,,,
,,Benito,,
,,Brito and Harbour,,
,,I. Ometepe,,
,,I. Sonate,,
,,I. Sonatitos,,
,,Is. Solentiname,,
,,I. Zapatero,,
,,Osori,,
,,Rivas,,
,,San Fransisco,,
,,San Juan del Sur,,
,,San Jorge,,
,,Sapoa,,
,,Tortuga,,
,,V. Madera,,
,,V. Ometepe,,
,"Atlantico Norte,",,,
,,,,
,Atlantico Sur*,,,
,Districto de Calcaina,,,
,,Cerro Sala,,
,,R. Silva,,
,Districto de Rio Grande,,,
,,R. Grande,,
,,San Pedro del Norte,,
,Districto de Siouia,,,
,,Chile,,
,,Corn River,,
,,R. Indio,,
,,R. Maiz,,
,,R. Mico,,
,,R. Plauira,,
,,R. Rama,,
,,R. Siouia,,
,,Sapo,,
,,Spanish Creek,,
,Districto de Cabo Gracias A Dios,,,
,,Araiapura,,
,,Awastara,,
,,C. Gracias á Dios,,
,,Glopcee,,
,,Gracias á Dios,,
,,Guavul,,
,,Hanuras Octal,,
,,I. Pio,,
,,L. Sandy River,,
,,Lag. Guano Wano,,
,,Lag. Tuapi,,
,,Lirapura,,
,,Livings Creek,,
,,Marequisa,,
,,Minas de Pis Pis,,
,,Mocuapatura,,
,,Piddlington,,
,,Pulpa,,
,,R. Awastura,,
,,R. Coco,,
,,R. Duckraw,,
,,R. Hueso,,
,,R. Pis Pis,,
,,R. Tiburcana,,
,,R. Tin,,
,,R. Wanks,,
,,R. Wasspuc,,
,,Sampuca,,
,,Sandy River,,
,,Sang Sang,,
,,Saruva,,
,Districto de San Juan del Norte,,,
,,Chile,,
,,Corn River,,
,,P. Gorda,,
,,R. Mico,,
,,R. Negro,,
,,R. Platura,,
,,R. Rama,,
,,R. Siquia,,
,,San Juan del Norte,,
,,Sapo,,
,,Spanish Creek,,
,Zelaya,,,
,,Bluefields,,
,,Hill,,
,,Gt. North Creek,,
,,Larasisco,,
,,Prinzapolca,,
,,Rio Bluefields,,
,,R. Babana,,
,,R. Cookra,,
,,R. Cooringwass,,
,,R. Cuculaia,,
,,R. Grande,,
,,R. Prinzapolca,,
,,R. Rama,,
,,R. Ucunwas,,
,,R. Walpasiksa,,
,,R. Wava,,
,,Sumie Lock,,
,,Walpasiksa,,
,,Waunta,,
,Off Shore,,,
,,Baxaro,,
,,Bovo I.,,
,,Blowing Rock,,
,,Buelfields Hr.,,
,,Bluefield Bluff,,
,,Cayman Rock,,
,,Deer Island,,
,,French Cay,,
,,Great Corn Cay,,
,,Guano Cay,,
,,Little Corn Islands,,
,,Man of War Cays,,
,,Monkey Pt.,,
,,Pigeon Cays,,
,,Sister Cays,,
,,Tyra Cays,,
,,Tyra Rock,,
,,Kings Cays,,
,,N. E. Cays,,
,,Askill Cays,,
,,Pearl Cays,,
,,P. Pearl Cay,,
,,P. Mosquito,,
PANAMA,Provinces,,,
,,Bocas del Toro,,
,,Almirante B. ,,
,,Boca del Drago,,
,,Bocas del Toro,,
,,C. Horquela,,
,,C. Picacho,,
,,Chiriquí,,
,,Colombia ,,
,,Colombus Is.,,
,,Monkey Cay,,
,,Popa I.,,
,,Silnibe,,
,,Water Cay,,
,Canal Zone,,,
,,Ancon,,
,,B. Limon,,
,,Colón,,
,, Colón Harbour,,
,,Culebra,,
,,Gatun,,
,,I. del Muerto,,
,,Harbour of Ancon,,
,,Panama and Harbour,,
,,San Pablo,,
,,Bahia de Panama,,
,,,B. San Elmo,
,,,B. San Miguel,
,,,I. Bona,
,,,I. Cañas,
,,,I. Casaya,
,,,I. Chepillo,
,,,I. Chapera,
,,,I. Galera,
,,,I. Mangue,
,,,I. Olonque,
,,,I. Páraisos,
,,,I. Pedro,
,,,I. San José,
,,,I. Saroga,
,,,I. Taboguilla,
,,,REY Isla,
,,,P. Garachiné,
,Colón,,,
,,B. Plantation,,
,,Bay San Cristobal,,
,,Belén,,
,,Carti ,,
,,Chagres,,
,,Colón Harbour,,
,,Concepcion Cays,,
,,Icacal,,
,,I. Culebra,,
,,I. Duartes,,
,,Is. Payadas,,
,,Lagarto,,
,,Mandinga,,
,,M. Santa Rita,,
,,P. Boqueron,,
,,P. Gorda,,
,,P. Manzanillo,,
,,P. Pescador,,
,,P. Rincón,,
,,P. San Blas,,
,,Palenque,,
,,Puerto Bello,,
,,Rio Coclé del Sur,,
,,R. Piña,,
,,Salud,,
,,Saragoza,,
,Chiriquí,,,
,,Alanje,,
,,B. David,,
,,Boca San Pedro,,
,,Boquete,,
,,Bugaba,,
,,Buppan Bluff,,
,,Burica Peninsula,,
,,C. Barrabquite,,
,,C. Viejo,,
,,Cualaca,,
,,David,,
,,Divalá,,
,,Gulfo Dulce,,
,,Horconcito,,
,,I. Brava,,
,,I. Burica,,
,,I. Espastal,,
,,I. Insolita,,
,,I. Parida,,
,,I. Sevilla,,
,,Is. Ladrones,,
,,Peña Blanca,,
,,P. Blanco,,
,,P. de Burica,,
,,P. Coaita,,
,,Po. Nuevo,,
,,P. Parida,,
,,Pueblo Nuevo,,
,,Remedios,,
,,R. Chiriquí,,
,,R. Chiriquí Viejo,,
,,R. Chorclui,,
,,R. Chutara,,
,,R. David,,
,,R. Fonseca,,
,,R. Pasanla,,
,,R. San Catalina,,
,,R. Tabasara,,
,,R. Uira,,
,,Sierra de Tapasara,,
,,Tolé,,
,,Vol. de Chiriquí,,
,Coclé,,,
,,Aguadulce,,
,,Anton,,
,,B. Parita,,
,,C. Negro,,
,,Cortezo,,
,,La Puntadora,,
,,Nata,,
,,Penonome,,
,,P. Anton,,
,,P. Calabaza,,
,,P. Pusada,,
,Darién,,,
,,Altos de Aspavé,,
,,B. Auachucana (N),,
,,B. Careto (N),,
,,,,
,,Boca de Cu… (Cupe?),,
,,C. Tiburon (Punta?),,
,,Conchila (Conchita?),,
,,Corales,,
,,Espiritu Santo Chapera (N),,
,,I. Majaqua,,
,,Chunan (N),,
,,C. Marzo (N),,
,,Casaya,,
,,Jurac (N),,
,,La Palma,,
,,Cituro,,
,,Maraya (N),,
,,Mulatas Archipelago,,
,,Ratones Cay (N),,
,,Piedras Cay ,,
,,Limones Cay (Limón Isla?),,
,,I. de Pinos,,
,Navagandi,,,
,,P. Garachine,,
,,North Bay,,
,,Pava,,
,,Serrania de Darien,,
,,Gulf of Darien,,
,,Golfo de Panama,,
,,C. Tiburon (Punta?),,
,,P. Pescador,,
,,P. Escocés,,
,,Paya (R.?),,
,,R. Buena Vista,,
,,Rio Chepo (N),,
,,R. Cana,,
,,R. Hondo,,
,,R. Oxo (N),,
,,R. Savana,,
,,R. Chucunaque,,
,,Real de Santa María,,
,,R. Tuxra (N),,
,,Sarsadi Pt.,,
,,Chinon(N),,
,,Majagua (N),,
,Herrera,,,
,,C. Mala,,
,,Guanico,,
,,Guararo,,
,,I. Iguana,,
,,Las Minas,,
,,Las Tablas,,
,,Los Blas,,
,,Los Pozos,,
,,Los Santos,,
,,Macaracas,,
,,Ocu,,
,,Parita,,
,,Pedasí,,
,,Pocrí,,
,,P. Estero,,
,,P. Lisa,,
,,R. Cambuto,,
,,R. de la Villa,,
,,R. Guanico,,
,,R. Guaníno,,
,,R. Parita,,
,,San Blas,,
,,Santa María,,
,,Tonosí,,
,Veraguas,,,
,,B. Arena,,
,,B. Montejo,,
,,B. Pamas,,
,,Balastar Hd.,,
,,Calabre,,
,,I. Afuera,,
,,I. Cebaco,,
,,I. Coiba,,
,,Is. Contreras,,
,,I. Gobernador,,
,,I. Jicarita,,
,,I. Jicaron,,
,,I. Naranjos,,
,,I. Rancheria,,
,,La Peña,,
,,Las Palmas,,
,,Mineral,,
,,Ponuga,,
,,P. Brava,,
,,P. Mariato,,
,,P. Muertos,,
,,P. Negada,,
,,P. Polisade,,
,,P. Zurron,,
,,R. Arena,,
,,R. Auguto,,
,,R. Bejuco,,
,,R. Cobre,,
,,R. de Jesus,,
,,R. Guasaro,,
,,R. Lavaina,,
,,R. Negro,,
,,R. San Pablo,,
,,R. Suai,,
,,R. Tareo,,
,,San Fransisco,,
,,San José,,
,,San Pablo,,
,,Santa Fé,,
,,Santiago,,